<?xml version="1.0" encoding="UTF-8" standalone="yes"?>
<!-- ********************************************************************************************************************** -->
<!-- This file is automatically generated and should not be edited by hand. Editing this file directly is at your own risk. -->
<!-- ********************************************************************************************************************** -->
<JwstProposal schemaVersion="52" APTVersion="Version 2021.1  " PRDVersion="PRDOPSSOC-034" xmlns="http://www.stsci.edu/JWST/APT" xmlns:mmrscge="http://www.stsci.edu/JWST/APT/Template/MiriMRSCrossGratingEngineering" xmlns:nsmsasd="http://www.stsci.edu/JWST/APT/Template/NirspecMSAShortDetect" xmlns:nid="http://www.stsci.edu/JWST/APT/Template/NirissDark" xmlns:ncipri="http://www.stsci.edu/JWST/APT/Template/NircamIprImaging" xmlns:nif="http://www.stsci.edu/JWST/APT/Template/NirissFocus" xmlns:wfscfp="http://www.stsci.edu/JWST/APT/Template/WfscFinePhasing" xmlns:nii="http://www.stsci.edu/JWST/APT/Template/NirissImaging" xmlns:mmimf="http://www.stsci.edu/JWST/APT/Template/MiriMimf" xmlns:mlrs="http://www.stsci.edu/JWST/APT/Template/MiriLRS" xmlns:mc="http://www.stsci.edu/JWST/APT/Template/MiriCoron" xmlns:md="http://www.stsci.edu/JWST/APT/Template/MiriDark" xmlns:nsfgwt="http://www.stsci.edu/JWST/APT/Template/NirspecFilterGratingWheelTest" xmlns:wfscga="http://www.stsci.edu/JWST/APT/Template/WfscGlobalAlignment" xmlns:nsil="http://www.stsci.edu/JWST/APT/Template/NirspecInternalLamp" xmlns:idfu="http://www.stsci.edu/JWST/APT/Template/IsimDictionaryFileUpdate" xmlns:mi="http://www.stsci.edu/JWST/APT/Template/MiriImaging" xmlns:nsimg="http://www.stsci.edu/JWST/APT/Template/NirspecImaging" xmlns:niami="http://www.stsci.edu/JWST/APT/Template/NirissAmi" xmlns:niwfss="http://www.stsci.edu/JWST/APT/Template/NirissWfss" xmlns:ncif="http://www.stsci.edu/JWST/APT/Template/NircamInternalFlat" xmlns:nsfss="http://www.stsci.edu/JWST/APT/Template/NirspecFixedSlitSpectroscopy" xmlns:fgsif="http://www.stsci.edu/JWST/APT/Template/FgsInternalFlat" xmlns:ncef="http://www.stsci.edu/JWST/APT/Template/NircamExternalFlat" xmlns:ncei="http://www.stsci.edu/JWST/APT/Template/NircamEngineeringImaging" xmlns:niec="http://www.stsci.edu/JWST/APT/Template/NirissExternalCalibration" xmlns:nsmsam="http://www.stsci.edu/JWST/APT/Template/NirspecMSAMasking" xmlns:niif="http://www.stsci.edu/JWST/APT/Template/NirissInternalFlat" xmlns:ncpili="http://www.stsci.edu/JWST/APT/Template/NircamPilImaging" xmlns:nsmsaa="http://www.stsci.edu/JWST/APT/Template/NirspecMSAAnneal" xmlns:mcpc="http://www.stsci.edu/JWST/APT/Template/MiriCpc" xmlns:fgsec="http://www.stsci.edu/JWST/APT/Template/FgsExternalCalibration" xmlns:nsd="http://www.stsci.edu/JWST/APT/Template/NirspecDark" xmlns:nsf="http://www.stsci.edu/JWST/APT/Template/NirspecFocus" xmlns:ns="http://www.stsci.edu/JWST/APT/Instrument/Nirspec" xmlns:nisoss="http://www.stsci.edu/JWST/APT/Template/NirissSoss" xmlns:nsmimf="http://www.stsci.edu/JWST/APT/Template/NirspecMimf" xmlns:ncts="http://www.stsci.edu/JWST/APT/Template/NircamTimeSeries" xmlns:ncd="http://www.stsci.edu/JWST/APT/Template/NircamDark" xmlns:mef="http://www.stsci.edu/JWST/APT/Template/MiriExternalFlat" xmlns:ncc="http://www.stsci.edu/JWST/APT/Template/NircamCoron" xmlns:ncf="http://www.stsci.edu/JWST/APT/Template/NircamFocus" xmlns:mmrs="http://www.stsci.edu/JWST/APT/Template/MiriMRS" xmlns:nci="http://www.stsci.edu/JWST/APT/Template/NircamImaging" xmlns:sk="http://www.stsci.edu/JWST/APT/Template/StationKeeping" xmlns:wfscc="http://www.stsci.edu/JWST/APT/Template/WfscCommissioning" xmlns:iat="http://www.stsci.edu/JWST/APT/Template/IsimAsicTuning" xmlns:sr="http://www.stsci.edu/JWST/APT/Template/SafeModeRecovery" xmlns:rtc="http://www.stsci.edu/JWST/APT/Template/RealtimeCommanding" xmlns:nsfr="http://www.stsci.edu/JWST/APT/Template/NirspecFocusReference" xmlns:ncw="http://www.stsci.edu/JWST/APT/Template/NircamWheelExercise" xmlns:nsbots="http://www.stsci.edu/JWST/APT/Template/NirspecBrightObjectTimeSeries" xmlns:mann="http://www.stsci.edu/JWST/APT/Template/MiriAnneal" xmlns:nsmos="http://www.stsci.edu/JWST/APT/Template/NirspecMOS" xmlns:wfscco="http://www.stsci.edu/JWST/APT/Template/WfscControlOnly" xmlns:ncgts="http://www.stsci.edu/JWST/APT/Template/NircamGrismTimeSeries" xmlns:wfsccp="http://www.stsci.edu/JWST/APT/Template/WfscCoarsePhasing" xmlns:msa="http://www.stsci.edu/JWST/APT/Template/NirspecMSA" xmlns:nsifus="http://www.stsci.edu/JWST/APT/Template/NirspecIFUSpectroscopy" xmlns:ncwfss="http://www.stsci.edu/JWST/APT/Template/NircamWfss" xmlns:nifs="http://www.stsci.edu/JWST/APT/Template/NirissFlatSuite" xmlns:fgsf="http://www.stsci.edu/JWST/APT/Template/FgsFocus" xmlns:po="http://www.stsci.edu/JWST/APT/Template/PointingOnly">
    <ProposalInformation>
        <ProposalPhase>Draft</ProposalPhase>
        <StsciEditNumber>0</StsciEditNumber>
        <ProposalCategory>GO</ProposalCategory>
        <ProposalSize>SMALL</ProposalSize>
        <ProprietaryPeriod>C[12 Months]</ProprietaryPeriod>
        <Cycle>1</Cycle>
        <ParallelNextCycle>false</ParallelNextCycle>
        <ParallelThirdCycle>false</ParallelThirdCycle>
        <NoSimilarSubmissions>false</NoSimilarSubmissions>
        <PrincipalInvestigator>
            <InvestigatorAddress>
                <ESAMember>false</ESAMember>
                <CSAMember>false</CSAMember>
                <Retired>false</Retired>
            </InvestigatorAddress>
            <Contact>true</Contact>
            <GTOTimeSource></GTOTimeSource>
        </PrincipalInvestigator>
        <CoInvestigator>
            <CoPI>false</CoPI>
            <InvestigatorAddress>
                <ESAMember>false</ESAMember>
                <CSAMember>false</CSAMember>
                <Retired>false</Retired>
            </InvestigatorAddress>
            <AdminUSPI>false</AdminUSPI>
            <Contact>false</Contact>
        </CoInvestigator>
    </ProposalInformation>
    <Targets>
        <Target xsi:type="FixedTargetType" xmlns:xsi="http://www.w3.org/2001/XMLSchema-instance">
            <Number>1</Number>
            <TargetName>MAIN</TargetName>
            <TargetID>MAIN</TargetID>
            <RAProperMotion></RAProperMotion>
            <DecProperMotion></DecProperMotion>
            <RAProperMotionUnits></RAProperMotionUnits>
            <DecProperMotionUnits></DecProperMotionUnits>
            <Extended>Unknown</Extended>
            <Category>Star</Category>
            <EquatorialCoordinates Value="03 32 40.0000 -27 49 0.00">
                <RAUncertainty>
                    <Value>0</Value>
                    <Units>Arcsec</Units>
                </RAUncertainty>
                <DecUncertainty>
                    <Value>0</Value>
                    <Units>Arcsec</Units>
                </DecUncertainty>
            </EquatorialCoordinates>
            <BackgroundTargetReq>false</BackgroundTargetReq>
            <TargetConfirmationRun>false</TargetConfirmationRun>
        </Target>
    </Targets>
    <PureParallelSlots/>
    <DataRequests>
        <ObservationGroup>
            <Observation AutoTarget="false">
                <Number>1</Number>
                <TargetID>1 MAIN</TargetID>
                <Instrument>NIRCAM</Instrument>
                <Template>
                    <nci:NircamImaging>
                        <nci:Module>B</nci:Module>
                        <nci:Subarray>S*U*B*A*R*R*A*Y</nci:Subarray>
                        <nci:PrimaryDitherType>NONE</nci:PrimaryDitherType>
                        <nci:SubpixelDitherType>SMALL-GRID-DITHER</nci:SubpixelDitherType>
                        <nci:SubpixelPositions>1</nci:SubpixelPositions>
                        <nci:Filters>
                            <nci:FilterConfig>
                                <nci:ShortFilter>S*H*O*R*T*F*I*L*T*E*R</nci:ShortFilter>
                                <nci:LongFilter>NONE</nci:LongFilter>
                                <nci:ReadoutPattern>R*E*A*D*O*U*T*P*A*T*T*E*R*N</nci:ReadoutPattern>
                                <nci:Groups>N*G*R*O*U*P*S</nci:Groups>
                                <nci:Integrations>N*I*N*T*E*G*R*A*T*I*O*N*S</nci:Integrations>
                                <nci:EtcId></nci:EtcId>
                            </nci:FilterConfig>
                        </nci:Filters>
                    </nci:NircamImaging>
                </Template>
                <ScienceDuration>S*C*I*E*N*C*E*D*U*R*A*T*I*O*N</ScienceDuration>
                <CoordinatedParallel>false</CoordinatedParallel>
                <SpecialRequirements>
                    <NoParallel/>
                    <TimeSeriesObservation/>
                </SpecialRequirements>
                <MosaicParameters>
                    <Rows>1</Rows>
                    <Columns>1</Columns>
                    <RowOverlapPercent>10.0</RowOverlapPercent>
                    <ColumnOverlapPercent>10.0</ColumnOverlapPercent>
                    <SkewDegreesX>0.0</SkewDegreesX>
                    <SkewDegreesY>0.0</SkewDegreesY>
                    <MosaicTiles TileNumber="1">
                        <TileState>Tile Included</TileState>
                    </MosaicTiles>
                    <MosaicTileOrder>DEFAULT</MosaicTileOrder>
                </MosaicParameters>
                <ObservingWindowsContainer>
                    <MOSSStartDate></MOSSStartDate>
                    <MOSSEndDate></MOSSEndDate>
                    <MOSSShowWindows>false</MOSSShowWindows>
                </ObservingWindowsContainer>
            </Observation>
        </ObservationGroup>
    </DataRequests>
    <LinkingRequirements/>
</JwstProposal>
